Accession	Name	Description	minus	plus
A0AVT1	UBA6	Ubiquitin-like modifier-activating enzyme 6 OS=Homo sapiens GN=UBA6 PE=1 SV=1	X	X
A0FGR8	ESYT2	Extended synaptotagmin-2 OS=Homo sapiens GN=ESYT2 PE=1 SV=1	X	X
A1X283	SH3PXD2B	SH3 and PX domain-containing protein 2B OS=Homo sapiens GN=SH3PXD2B PE=1 SV=3	X	X
A3KN83	SBNO1	Protein strawberry notch homolog 1 OS=Homo sapiens GN=SBNO1 PE=1 SV=1	X	X
A8CG34	POM121C	Nuclear envelope pore membrane protein POM 121C OS=Homo sapiens GN=POM121C PE=1 SV=2	X	X
O00154	ACOT7	Cytosolic acyl coenzyme A thioester hydrolase OS=Homo sapiens GN=ACOT7 PE=1 SV=3	X	X
O00178	GTPBP1	GTP-binding protein 1 OS=Homo sapiens GN=GTPBP1 PE=1 SV=3	X	X
O00182	LGALS9	Galectin-9 OS=Homo sapiens GN=LGALS9 PE=1 SV=2	X	
O00203	AP3B1	AP-3 complex subunit beta-1 OS=Homo sapiens GN=AP3B1 PE=1 SV=3	X	X
O14617	AP3D1	AP-3 complex subunit delta-1 OS=Homo sapiens GN=AP3D1 PE=1 SV=1		X
O14639	ABLIM1	Actin-binding LIM protein 1 OS=Homo sapiens GN=ABLIM1 PE=1 SV=3	X	X
O14744	PRMT5	Protein arginine N-methyltransferase 5 OS=Homo sapiens GN=PRMT5 PE=1 SV=4	X	X
O14828	SCAMP3	Secretory carrier-associated membrane protein 3 OS=Homo sapiens GN=SCAMP3 PE=1 SV=3	X	X
O15027	SEC16A	Protein transport protein Sec16A OS=Homo sapiens GN=SEC16A PE=1 SV=3		X
O15042	U2SURP	U2 snRNP-associated SURP motif-containing protein OS=Homo sapiens GN=U2SURP PE=1 SV=2	X	X
O15066	KIF3B	Kinesin-like protein KIF3B OS=Homo sapiens GN=KIF3B PE=1 SV=1	X	X
O15067	PFAS	Phosphoribosylformylglycinamidine synthase OS=Homo sapiens GN=PFAS PE=1 SV=4	X	X
O15143	ARPC1B	Actin-related protein 2/3 complex subunit 1B OS=Homo sapiens GN=ARPC1B PE=1 SV=3	X	X
O15213	WDR46	WD repeat-containing protein 46 OS=Homo sapiens GN=WDR46 PE=1 SV=3	X	X
O15226	NKRF	NF-kappa-B-repressing factor OS=Homo sapiens GN=NKRF PE=1 SV=2	X	X
O15231	ZNF185	Zinc finger protein 185 OS=Homo sapiens GN=ZNF185 PE=1 SV=3	X	X
O15260	SURF4	Surfeit locus protein 4 OS=Homo sapiens GN=SURF4 PE=1 SV=3	X	X
O15357	INPPL1	Phosphatidylinositol 3,4,5-trisphosphate 5-phosphatase 2 OS=Homo sapiens GN=INPPL1 PE=1 SV=2	X	X
O15371	EIF3D	Eukaryotic translation initiation factor 3 subunit D OS=Homo sapiens GN=EIF3D PE=1 SV=1	X	X
O43143	DHX15	Pre-mRNA-splicing factor ATP-dependent RNA helicase DHX15 OS=Homo sapiens GN=DHX15 PE=1 SV=2	X	X
O43395	PRPF3	U4/U6 small nuclear ribonucleoprotein Prp3 OS=Homo sapiens GN=PRPF3 PE=1 SV=2	X	X
O43491	EPB41L2	Band 4.1-like protein 2 OS=Homo sapiens GN=EPB41L2 PE=1 SV=1	X	X
O43660	PLRG1	Pleiotropic regulator 1 OS=Homo sapiens GN=PLRG1 PE=1 SV=1	X	X
O43684	BUB3	Mitotic checkpoint protein BUB3 OS=Homo sapiens GN=BUB3 PE=1 SV=1	X	X
O43747	AP1G1	AP-1 complex subunit gamma-1 OS=Homo sapiens GN=AP1G1 PE=1 SV=5	X	X
O43776	NARS	Asparagine--tRNA ligase, cytoplasmic OS=Homo sapiens GN=NARS PE=1 SV=1	X	X
O43818	RRP9	U3 small nucleolar RNA-interacting protein 2 OS=Homo sapiens GN=RRP9 PE=1 SV=1	X	X
O60231	DHX16	Putative pre-mRNA-splicing factor ATP-dependent RNA helicase DHX16 OS=Homo sapiens GN=DHX16 PE=1 SV=2	X	X
O60341	KDM1A	Lysine-specific histone demethylase 1A OS=Homo sapiens GN=KDM1A PE=1 SV=2	X	X
O60506	SYNCRIP	Heterogeneous nuclear ribonucleoprotein Q OS=Homo sapiens GN=SYNCRIP PE=1 SV=2	X	X
O60524	NEMF	Nuclear export mediator factor NEMF OS=Homo sapiens GN=NEMF PE=1 SV=4	X	X
O60563	CCNT1	Cyclin-T1 OS=Homo sapiens GN=CCNT1 PE=1 SV=1	X	X
O60701	UGDH	UDP-glucose 6-dehydrogenase OS=Homo sapiens GN=UGDH PE=1 SV=1	X	X
O60841	EIF5B	Eukaryotic translation initiation factor 5B OS=Homo sapiens GN=EIF5B PE=1 SV=4	X	X
O60934	NBN	Nibrin OS=Homo sapiens GN=NBN PE=1 SV=1	X	X
O75027	ABCB7	ATP-binding cassette sub-family B member 7, mitochondrial OS=Homo sapiens GN=ABCB7 PE=1 SV=2	X	X
O75083	WDR1	WD repeat-containing protein 1 OS=Homo sapiens GN=WDR1 PE=1 SV=4	X	X
O75131	CPNE3	Copine-3 OS=Homo sapiens GN=CPNE3 PE=1 SV=1	X	X
O75152	ZC3H11A	Zinc finger CCCH domain-containing protein 11A OS=Homo sapiens GN=ZC3H11A PE=1 SV=3	X	X
O75533	SF3B1	Splicing factor 3B subunit 1 OS=Homo sapiens GN=SF3B1 PE=1 SV=3	X	X
O75534	CSDE1	Cold shock domain-containing protein E1 OS=Homo sapiens GN=CSDE1 PE=1 SV=2	X	X
O75694	NUP155	Nuclear pore complex protein Nup155 OS=Homo sapiens GN=NUP155 PE=1 SV=1	X	X
O75821	EIF3G	Eukaryotic translation initiation factor 3 subunit G OS=Homo sapiens GN=EIF3G PE=1 SV=2	X	X
O76024	WFS1	Wolframin OS=Homo sapiens GN=WFS1 PE=1 SV=2	X	X
O94832	MYO1D	Unconventional myosin-Id OS=Homo sapiens GN=MYO1D PE=1 SV=2	X	X
O94979	SEC31A	Protein transport protein Sec31A OS=Homo sapiens GN=SEC31A PE=1 SV=3	X	X
O95163	IKBKAP	Elongator complex protein 1 OS=Homo sapiens GN=IKBKAP PE=1 SV=3	X	X
O95239	KIF4A	Chromosome-associated kinesin KIF4A OS=Homo sapiens GN=KIF4A PE=1 SV=3	X	X
O95433	AHSA1	Activator of 90 kDa heat shock protein ATPase homolog 1 OS=Homo sapiens GN=AHSA1 PE=1 SV=1	X	X
O95573	ACSL3	Long-chain-fatty-acid--CoA ligase 3 OS=Homo sapiens GN=ACSL3 PE=1 SV=3	X	X
O95782	AP2A1	AP-2 complex subunit alpha-1 OS=Homo sapiens GN=AP2A1 PE=1 SV=3	X	X
O95819	MAP4K4	Mitogen-activated protein kinase kinase kinase kinase 4 OS=Homo sapiens GN=MAP4K4 PE=1 SV=2	X	X
O95864	FADS2	Fatty acid desaturase 2 OS=Homo sapiens GN=FADS2 PE=1 SV=1	X	X
O96008	TOMM40	Mitochondrial import receptor subunit TOM40 homolog OS=Homo sapiens GN=TOMM40 PE=1 SV=1	X	X
O96013	PAK4	Serine/threonine-protein kinase PAK 4 OS=Homo sapiens GN=PAK4 PE=1 SV=1		X
P00367	GLUD1	Glutamate dehydrogenase 1, mitochondrial OS=Homo sapiens GN=GLUD1 PE=1 SV=2	X	X
P02452	COL1A1	Collagen alpha-1(I) chain OS=Homo sapiens GN=COL1A1 PE=1 SV=5	X	X
P02786	TFRC	Transferrin receptor protein 1 OS=Homo sapiens GN=TFRC PE=1 SV=2	X	X
P04844	RPN2	Dolichyl-diphosphooligosaccharide--protein glycosyltransferase subunit 2 OS=Homo sapiens GN=RPN2 PE=1 SV=3	X	X
P06396	GSN	Gelsolin OS=Homo sapiens GN=GSN PE=1 SV=1	X	X
P06737	PYGL	Glycogen phosphorylase, liver form OS=Homo sapiens GN=PYGL PE=1 SV=4	X	X
P07478	PRSS2	Trypsin-2 OS=Homo sapiens GN=PRSS2 PE=1 SV=1	X	X
P07737	PFN1	Profilin-1 OS=Homo sapiens GN=PFN1 PE=1 SV=2	X	X
P08237	PFKM	ATP-dependent 6-phosphofructokinase, muscle type OS=Homo sapiens GN=PFKM PE=1 SV=2	X	X
P08240	SRPRA	Signal recognition particle receptor subunit alpha OS=Homo sapiens GN=SRPRA PE=1 SV=2	X	X
P08243	ASNS	Asparagine synthetase [glutamine-hydrolyzing] OS=Homo sapiens GN=ASNS PE=1 SV=4	X	X
P09543	CNP	2',3'-cyclic-nucleotide 3'-phosphodiesterase OS=Homo sapiens GN=CNP PE=1 SV=2	X	
P09960	LTA4H	Leukotriene A-4 hydrolase OS=Homo sapiens GN=LTA4H PE=1 SV=2	X	X
P11387	TOP1	DNA topoisomerase 1 OS=Homo sapiens GN=TOP1 PE=1 SV=2	X	X
P11940	PABPC1	Polyadenylate-binding protein 1 OS=Homo sapiens GN=PABPC1 PE=1 SV=2	X	X
P12270	TPR	Nucleoprotein TPR OS=Homo sapiens GN=TPR PE=1 SV=3	X	X
P13798	APEH	Acylamino-acid-releasing enzyme OS=Homo sapiens GN=APEH PE=1 SV=4	X	X
P13929	ENO3	Beta-enolase OS=Homo sapiens GN=ENO3 PE=1 SV=5	X	
P14866	HNRNPL	Heterogeneous nuclear ribonucleoprotein L OS=Homo sapiens GN=HNRNPL PE=1 SV=2	X	X
P14868	DARS	Aspartate--tRNA ligase, cytoplasmic OS=Homo sapiens GN=DARS PE=1 SV=2	X	X
P17858	PFKL	ATP-dependent 6-phosphofructokinase, liver type OS=Homo sapiens GN=PFKL PE=1 SV=6	X	X
P18754	RCC1	Regulator of chromosome condensation OS=Homo sapiens GN=RCC1 PE=1 SV=1	X	X
P19367	HK1	Hexokinase-1 OS=Homo sapiens GN=HK1 PE=1 SV=3	X	X
P19525	EIF2AK2	Interferon-induced, double-stranded RNA-activated protein kinase OS=Homo sapiens GN=EIF2AK2 PE=1 SV=2	X	X
P21399	ACO1	Cytoplasmic aconitate hydratase OS=Homo sapiens GN=ACO1 PE=1 SV=3	X	X
P22102	GART	Trifunctional purine biosynthetic protein adenosine-3 OS=Homo sapiens GN=GART PE=1 SV=1	X	X
P22234	PAICS	Multifunctional protein ADE2 OS=Homo sapiens GN=PAICS PE=1 SV=3	X	X
P25205	MCM3	DNA replication licensing factor MCM3 OS=Homo sapiens GN=MCM3 PE=1 SV=3	X	X
P26640	VARS	Valine--tRNA ligase OS=Homo sapiens GN=VARS PE=1 SV=4	X	X
P27695	APEX1	DNA-(apurinic or apyrimidinic site) lyase OS=Homo sapiens GN=APEX1 PE=1 SV=2	X	X
P27708	CAD	CAD protein OS=Homo sapiens GN=CAD PE=1 SV=3	X	X
P28288	ABCD3	ATP-binding cassette sub-family D member 3 OS=Homo sapiens GN=ABCD3 PE=1 SV=1	X	X
P28340	POLD1	DNA polymerase delta catalytic subunit OS=Homo sapiens GN=POLD1 PE=1 SV=2		X
P29144	TPP2	Tripeptidyl-peptidase 2 OS=Homo sapiens GN=TPP2 PE=1 SV=4	X	X
P29401	TKT	Transketolase OS=Homo sapiens GN=TKT PE=1 SV=3	X	X
P30041	PRDX6	Peroxiredoxin-6 OS=Homo sapiens GN=PRDX6 PE=1 SV=3	X	X
P30419	NMT1	Glycylpeptide N-tetradecanoyltransferase 1 OS=Homo sapiens GN=NMT1 PE=1 SV=2	X	X
P31153	MAT2A	S-adenosylmethionine synthase isoform type-2 OS=Homo sapiens GN=MAT2A PE=1 SV=1	X	X
P31939	ATIC	Bifunctional purine biosynthesis protein PURH OS=Homo sapiens GN=ATIC PE=1 SV=3		X
P32455	GBP1	Guanylate-binding protein 1 OS=Homo sapiens GN=GBP1 PE=1 SV=2	X	
P33176	KIF5B	Kinesin-1 heavy chain OS=Homo sapiens GN=KIF5B PE=1 SV=1	X	X
P33991	MCM4	DNA replication licensing factor MCM4 OS=Homo sapiens GN=MCM4 PE=1 SV=5	X	X
P33992	MCM5	DNA replication licensing factor MCM5 OS=Homo sapiens GN=MCM5 PE=1 SV=5	X	X
P35222	CTNNB1	Catenin beta-1 OS=Homo sapiens GN=CTNNB1 PE=1 SV=1	X	X
P35241	RDX	Radixin OS=Homo sapiens GN=RDX PE=1 SV=1	X	X
P35251	RFC1	Replication factor C subunit 1 OS=Homo sapiens GN=RFC1 PE=1 SV=4	X	X
P36871	PGM1	Phosphoglucomutase-1 OS=Homo sapiens GN=PGM1 PE=1 SV=3	X	X
P36915	GNL1	Guanine nucleotide-binding protein-like 1 OS=Homo sapiens GN=GNL1 PE=1 SV=2	X	X
P40123	CAP2	Adenylyl cyclase-associated protein 2 OS=Homo sapiens GN=CAP2 PE=1 SV=1	X	X
P40616	ARL1	ADP-ribosylation factor-like protein 1 OS=Homo sapiens GN=ARL1 PE=1 SV=1		X
P40763	STAT3	Signal transducer and activator of transcription 3 OS=Homo sapiens GN=STAT3 PE=1 SV=2	X	X
P41091	EIF2S3	Eukaryotic translation initiation factor 2 subunit 3 OS=Homo sapiens GN=EIF2S3 PE=1 SV=3	X	X
P42285	SKIV2L2	Superkiller viralicidic activity 2-like 2 OS=Homo sapiens GN=SKIV2L2 PE=1 SV=3	X	X
P42696	RBM34	RNA-binding protein 34 OS=Homo sapiens GN=RBM34 PE=1 SV=2	X	X
P43034	PAFAH1B1	Platelet-activating factor acetylhydrolase IB subunit alpha OS=Homo sapiens GN=PAFAH1B1 PE=1 SV=2		X
P45880	VDAC2	Voltage-dependent anion-selective channel protein 2 OS=Homo sapiens GN=VDAC2 PE=1 SV=2	X	X
P45974	USP5	Ubiquitin carboxyl-terminal hydrolase 5 OS=Homo sapiens GN=USP5 PE=1 SV=2	X	X
P46063	RECQL	ATP-dependent DNA helicase Q1 OS=Homo sapiens GN=RECQL PE=1 SV=3	X	X
P46459	NSF	Vesicle-fusing ATPase OS=Homo sapiens GN=NSF PE=1 SV=3	X	X
P46940	IQGAP1	Ras GTPase-activating-like protein IQGAP1 OS=Homo sapiens GN=IQGAP1 PE=1 SV=1	X	X
P46976	GYG1	Glycogenin-1 OS=Homo sapiens GN=GYG1 PE=1 SV=4	X	X
P48147	PREP	Prolyl endopeptidase OS=Homo sapiens GN=PREP PE=1 SV=2	X	X
P48634	PRRC2A	Protein PRRC2A OS=Homo sapiens GN=PRRC2A PE=1 SV=3	X	X
P49257	LMAN1	Protein ERGIC-53 OS=Homo sapiens GN=LMAN1 PE=1 SV=2	X	X
P49588	AARS	Alanine--tRNA ligase, cytoplasmic OS=Homo sapiens GN=AARS PE=1 SV=2	X	X
P49748	ACADVL	Very long-chain specific acyl-CoA dehydrogenase, mitochondrial OS=Homo sapiens GN=ACADVL PE=1 SV=1	X	X
P49750	YLPM1	YLP motif-containing protein 1 OS=Homo sapiens GN=YLPM1 PE=1 SV=3	X	X
P49790	NUP153	Nuclear pore complex protein Nup153 OS=Homo sapiens GN=NUP153 PE=1 SV=2	X	X
P49959	MRE11A	Double-strand break repair protein MRE11A OS=Homo sapiens GN=MRE11A PE=1 SV=3	X	X
P50395	GDI2	Rab GDP dissociation inhibitor beta OS=Homo sapiens GN=GDI2 PE=1 SV=2	X	X
P50552	VASP	Vasodilator-stimulated phosphoprotein OS=Homo sapiens GN=VASP PE=1 SV=3	X	X
P50570	DNM2	Dynamin-2 OS=Homo sapiens GN=DNM2 PE=1 SV=2	X	X
P51114	FXR1	Fragile X mental retardation syndrome-related protein 1 OS=Homo sapiens GN=FXR1 PE=1 SV=3	X	X
P51116	FXR2	Fragile X mental retardation syndrome-related protein 2 OS=Homo sapiens GN=FXR2 PE=1 SV=2	X	X
P51149	RAB7A	Ras-related protein Rab-7a OS=Homo sapiens GN=RAB7A PE=1 SV=1		X
P51153	RAB13	Ras-related protein Rab-13 OS=Homo sapiens GN=RAB13 PE=1 SV=1	X	X
P51531	SMARCA2	Probable global transcription activator SNF2L2 OS=Homo sapiens GN=SMARCA2 PE=1 SV=2	X	X
P51532	SMARCA4	Transcription activator BRG1 OS=Homo sapiens GN=SMARCA4 PE=1 SV=2	X	X
P51659	HSD17B4	Peroxisomal multifunctional enzyme type 2 OS=Homo sapiens GN=HSD17B4 PE=1 SV=3	X	X
P51991	HNRNPA3	Heterogeneous nuclear ribonucleoprotein A3 OS=Homo sapiens GN=HNRNPA3 PE=1 SV=2	X	X
P52594	AGFG1	Arf-GAP domain and FG repeat-containing protein 1 OS=Homo sapiens GN=AGFG1 PE=1 SV=2	X	X
P52630	STAT2	Signal transducer and activator of transcription 2 OS=Homo sapiens GN=STAT2 PE=1 SV=1	X	X
P52948	NUP98	Nuclear pore complex protein Nup98-Nup96 OS=Homo sapiens GN=NUP98 PE=1 SV=4	X	X
P53396	ACLY	ATP-citrate synthase OS=Homo sapiens GN=ACLY PE=1 SV=3	X	X
P53618	COPB1	Coatomer subunit beta OS=Homo sapiens GN=COPB1 PE=1 SV=3	X	X
P53621	COPA	Coatomer subunit alpha OS=Homo sapiens GN=COPA PE=1 SV=2	X	X
P53814	SMTN	Smoothelin OS=Homo sapiens GN=SMTN PE=1 SV=7	X	X
P53992	SEC24C	Protein transport protein Sec24C OS=Homo sapiens GN=SEC24C PE=1 SV=3	X	X
P54886	ALDH18A1	Delta-1-pyrroline-5-carboxylate synthase OS=Homo sapiens GN=ALDH18A1 PE=1 SV=2	X	X
P55196	AFDN	Afadin OS=Homo sapiens GN=AFDN PE=1 SV=3	X	X
P55265	ADAR	Double-stranded RNA-specific adenosine deaminase OS=Homo sapiens GN=ADAR PE=1 SV=4	X	X
P60953	CDC42	Cell division control protein 42 homolog OS=Homo sapiens GN=CDC42 PE=1 SV=2	X	X
P61006	RAB8A	Ras-related protein Rab-8A OS=Homo sapiens GN=RAB8A PE=1 SV=1	X	X
P61019	RAB2A	Ras-related protein Rab-2A OS=Homo sapiens GN=RAB2A PE=1 SV=1	X	X
P61026	RAB10	Ras-related protein Rab-10 OS=Homo sapiens GN=RAB10 PE=1 SV=1	X	X
P61106	RAB14	Ras-related protein Rab-14 OS=Homo sapiens GN=RAB14 PE=1 SV=4	X	X
P61204	ARF1	ADP-ribosylation factor 1 OS=Homo sapiens GN=ARF1 PE=1 SV=2		X
P61221	ABCE1	ATP-binding cassette sub-family E member 1 OS=Homo sapiens GN=ABCE1 PE=1 SV=1	X	X
P61619	SEC61A1	Protein transport protein Sec61 subunit alpha isoform 1 OS=Homo sapiens GN=SEC61A1 PE=1 SV=2	X	X
P61956	SUMO2	Small ubiquitin-related modifier 2 OS=Homo sapiens GN=SUMO2 PE=1 SV=3	X	X
P62314	SNRPD1	Small nuclear ribonucleoprotein Sm D1 OS=Homo sapiens GN=SNRPD1 PE=1 SV=1	X	X
P62820	RAB1A	Ras-related protein Rab-1A OS=Homo sapiens GN=RAB1A PE=1 SV=3	X	X
P62995	TRA2B	Transformer-2 protein homolog beta OS=Homo sapiens GN=TRA2B PE=1 SV=1	X	X
P63000	RAC1	Ras-related C3 botulinum toxin substrate 1 OS=Homo sapiens GN=RAC1 PE=1 SV=1	X	X
P63010	AP2B1	AP-2 complex subunit beta OS=Homo sapiens GN=AP2B1 PE=1 SV=1	X	X
P63151	PPP2R2A	Serine/threonine-protein phosphatase 2A 55 kDa regulatory subunit B alpha isoform OS=Homo sapiens GN=PPP2R2A PE=1 SV=1	X	X
P63244	RACK1	Receptor of activated protein C kinase 1 OS=Homo sapiens GN=RACK1 PE=1 SV=3	X	X
P78316	NOP14	Nucleolar protein 14 OS=Homo sapiens GN=NOP14 PE=1 SV=3		X
P78527	PRKDC	DNA-dependent protein kinase catalytic subunit OS=Homo sapiens GN=PRKDC PE=1 SV=3	X	X
P78559	MAP1A	Microtubule-associated protein 1A OS=Homo sapiens GN=MAP1A PE=1 SV=6	X	X
P85037	FOXK1	Forkhead box protein K1 OS=Homo sapiens GN=FOXK1 PE=1 SV=1	X	X
P98082	DAB2	Disabled homolog 2 OS=Homo sapiens GN=DAB2 PE=1 SV=3	X	X
Q00341	HDLBP	Vigilin OS=Homo sapiens GN=HDLBP PE=1 SV=2	X	X
Q01082	SPTBN1	Spectrin beta chain, non-erythrocytic 1 OS=Homo sapiens GN=SPTBN1 PE=1 SV=2	X	X
Q01167	FOXK2	Forkhead box protein K2 OS=Homo sapiens GN=FOXK2 PE=1 SV=3	X	X
Q01196	RUNX1	Runt-related transcription factor 1 OS=Homo sapiens GN=RUNX1 PE=1 SV=3	X	X
Q01518	CAP1	Adenylyl cyclase-associated protein 1 OS=Homo sapiens GN=CAP1 PE=1 SV=5	X	X
Q02218	OGDH	2-oxoglutarate dehydrogenase, mitochondrial OS=Homo sapiens GN=OGDH PE=1 SV=3	X	X
Q02241	KIF23	Kinesin-like protein KIF23 OS=Homo sapiens GN=KIF23 PE=1 SV=3	X	X
Q02809	PLOD1	Procollagen-lysine,2-oxoglutarate 5-dioxygenase 1 OS=Homo sapiens GN=PLOD1 PE=1 SV=2	X	X
Q03519	TAP2	Antigen peptide transporter 2 OS=Homo sapiens GN=TAP2 PE=1 SV=1	X	
Q04206	RELA	Transcription factor p65 OS=Homo sapiens GN=RELA PE=1 SV=2	X	X
Q05193	DNM1	Dynamin-1 OS=Homo sapiens GN=DNM1 PE=1 SV=2	X	X
Q05209	PTPN12	Tyrosine-protein phosphatase non-receptor type 12 OS=Homo sapiens GN=PTPN12 PE=1 SV=3	X	X
Q05397	PTK2	Focal adhesion kinase 1 OS=Homo sapiens GN=PTK2 PE=1 SV=2	X	X
Q06124	PTPN11	Tyrosine-protein phosphatase non-receptor type 11 OS=Homo sapiens GN=PTPN11 PE=1 SV=2	X	X
Q06210	GFPT1	Glutamine--fructose-6-phosphate aminotransferase [isomerizing] 1 OS=Homo sapiens GN=GFPT1 PE=1 SV=3	X	X
Q06787	FMR1	Synaptic functional regulator FMR1 OS=Homo sapiens GN=FMR1 PE=1 SV=1	X	X
Q10567	AP1B1	AP-1 complex subunit beta-1 OS=Homo sapiens GN=AP1B1 PE=1 SV=2	X	X
Q10570	CPSF1	Cleavage and polyadenylation specificity factor subunit 1 OS=Homo sapiens GN=CPSF1 PE=1 SV=2	X	X
Q12788	TBL3	Transducin beta-like protein 3 OS=Homo sapiens GN=TBL3 PE=1 SV=2	X	X
Q12906	ILF3	Interleukin enhancer-binding factor 3 OS=Homo sapiens GN=ILF3 PE=1 SV=3	X	X
Q12965	MYO1E	Unconventional myosin-Ie OS=Homo sapiens GN=MYO1E PE=1 SV=2	X	X
Q13148	TARDBP	TAR DNA-binding protein 43 OS=Homo sapiens GN=TARDBP PE=1 SV=1	X	X
Q13151	HNRNPA0	Heterogeneous nuclear ribonucleoprotein A0 OS=Homo sapiens GN=HNRNPA0 PE=1 SV=1	X	X
Q13162	PRDX4	Peroxiredoxin-4 OS=Homo sapiens GN=PRDX4 PE=1 SV=1	X	X
Q13206	DDX10	Probable ATP-dependent RNA helicase DDX10 OS=Homo sapiens GN=DDX10 PE=1 SV=2	X	X
Q13247	SRSF6	Serine/arginine-rich splicing factor 6 OS=Homo sapiens GN=SRSF6 PE=1 SV=2	X	X
Q13310	PABPC4	Polyadenylate-binding protein 4 OS=Homo sapiens GN=PABPC4 PE=1 SV=1	X	X
Q13356	PPIL2	Peptidyl-prolyl cis-trans isomerase-like 2 OS=Homo sapiens GN=PPIL2 PE=1 SV=1	X	X
Q13409	DYNC1I2	Cytoplasmic dynein 1 intermediate chain 2 OS=Homo sapiens GN=DYNC1I2 PE=1 SV=3	X	X
Q13423	NNT	NAD(P) transhydrogenase, mitochondrial OS=Homo sapiens GN=NNT PE=1 SV=3	X	X
Q13428	TCOF1	Treacle protein OS=Homo sapiens GN=TCOF1 PE=1 SV=3	X	X
Q13435	SF3B2	Splicing factor 3B subunit 2 OS=Homo sapiens GN=SF3B2 PE=1 SV=2	X	X
Q13617	CUL2	Cullin-2 OS=Homo sapiens GN=CUL2 PE=1 SV=2	X	X
Q13724	MOGS	Mannosyl-oligosaccharide glucosidase OS=Homo sapiens GN=MOGS PE=1 SV=5	X	X
Q13761	RUNX3	Runt-related transcription factor 3 OS=Homo sapiens GN=RUNX3 PE=1 SV=2	X	
Q14008	CKAP5	Cytoskeleton-associated protein 5 OS=Homo sapiens GN=CKAP5 PE=1 SV=3	X	X
Q14151	SAFB2	Scaffold attachment factor B2 OS=Homo sapiens GN=SAFB2 PE=1 SV=1	X	X
Q14152	EIF3A	Eukaryotic translation initiation factor 3 subunit A OS=Homo sapiens GN=EIF3A PE=1 SV=1	X	X
Q14157	UBAP2L	Ubiquitin-associated protein 2-like OS=Homo sapiens GN=UBAP2L PE=1 SV=2	X	X
Q14160	SCRIB	Protein scribble homolog OS=Homo sapiens GN=SCRIB PE=1 SV=4	X	X
Q14165	MLEC	Malectin OS=Homo sapiens GN=MLEC PE=1 SV=1	X	X
Q14204	DYNC1H1	Cytoplasmic dynein 1 heavy chain 1 OS=Homo sapiens GN=DYNC1H1 PE=1 SV=5	X	X
Q14241	TCEB3	Transcription elongation factor B polypeptide 3 OS=Homo sapiens GN=TCEB3 PE=1 SV=2		X
Q14258	TRIM25	E3 ubiquitin/ISG15 ligase TRIM25 OS=Homo sapiens GN=TRIM25 PE=1 SV=2	X	X
Q14498	RBM39	RNA-binding protein 39 OS=Homo sapiens GN=RBM39 PE=1 SV=2		X
Q14562	DHX8	ATP-dependent RNA helicase DHX8 OS=Homo sapiens GN=DHX8 PE=1 SV=1	X	X
Q14669	TRIP12	E3 ubiquitin-protein ligase TRIP12 OS=Homo sapiens GN=TRIP12 PE=1 SV=1	X	X
Q14676	MDC1	Mediator of DNA damage checkpoint protein 1 OS=Homo sapiens GN=MDC1 PE=1 SV=3	X	X
Q14683	SMC1A	Structural maintenance of chromosomes protein 1A OS=Homo sapiens GN=SMC1A PE=1 SV=2	X	X
Q14684	RRP1B	Ribosomal RNA processing protein 1 homolog B OS=Homo sapiens GN=RRP1B PE=1 SV=3	X	X
Q14690	PDCD11	Protein RRP5 homolog OS=Homo sapiens GN=PDCD11 PE=1 SV=3	X	X
Q14692	BMS1	Ribosome biogenesis protein BMS1 homolog OS=Homo sapiens GN=BMS1 PE=1 SV=1	X	X
Q14694	USP10	Ubiquitin carboxyl-terminal hydrolase 10 OS=Homo sapiens GN=USP10 PE=1 SV=2	X	X
Q14739	LBR	Lamin-B receptor OS=Homo sapiens GN=LBR PE=1 SV=2	X	X
Q14839	CHD4	Chromodomain-helicase-DNA-binding protein 4 OS=Homo sapiens GN=CHD4 PE=1 SV=2		X
Q14966	ZNF638	Zinc finger protein 638 OS=Homo sapiens GN=ZNF638 PE=1 SV=2	X	X
Q14978	NOLC1	Nucleolar and coiled-body phosphoprotein 1 OS=Homo sapiens GN=NOLC1 PE=1 SV=2	X	X
Q14980	NUMA1	Nuclear mitotic apparatus protein 1 OS=Homo sapiens GN=NUMA1 PE=1 SV=2	X	X
Q15019	SEPT2	Septin-2 OS=Homo sapiens GN=SEPT2 PE=1 SV=1	X	X
Q15286	RAB35	Ras-related protein Rab-35 OS=Homo sapiens GN=RAB35 PE=1 SV=1	X	X
Q15382	RHEB	GTP-binding protein Rheb OS=Homo sapiens GN=RHEB PE=1 SV=1		X
Q15398	DLGAP5	Disks large-associated protein 5 OS=Homo sapiens GN=DLGAP5 PE=1 SV=2	X	X
Q15424	SAFB	Scaffold attachment factor B1 OS=Homo sapiens GN=SAFB PE=1 SV=4	X	X
Q15436	SEC23A	Protein transport protein Sec23A OS=Homo sapiens GN=SEC23A PE=1 SV=2	X	X
Q15629	TRAM1	Translocating chain-associated membrane protein 1 OS=Homo sapiens GN=TRAM1 PE=1 SV=3	X	X
Q15646	OASL	2'-5'-oligoadenylate synthase-like protein OS=Homo sapiens GN=OASL PE=1 SV=2	X	
Q15811	ITSN1	Intersectin-1 OS=Homo sapiens GN=ITSN1 PE=1 SV=3	X	X
Q16513	PKN2	Serine/threonine-protein kinase N2 OS=Homo sapiens GN=PKN2 PE=1 SV=1	X	X
Q16666	IFI16	Gamma-interferon-inducible protein 16 OS=Homo sapiens GN=IFI16 PE=1 SV=3	X	X
Q16695	HIST1H3A	Histone H3.1 OS=Homo sapiens GN=HIST1H3A PE=1 SV=2	X	X
Q29RF7	PDS5A	Sister chromatid cohesion protein PDS5 homolog A OS=Homo sapiens GN=PDS5A PE=1 SV=1	X	X
Q2M2I8	AAK1	AP2-associated protein kinase 1 OS=Homo sapiens GN=AAK1 PE=1 SV=3	X	X
Q2NL82	TSR1	Pre-rRNA-processing protein TSR1 homolog OS=Homo sapiens GN=TSR1 PE=1 SV=1	X	X
Q2TAY7	SMU1	WD40 repeat-containing protein SMU1 OS=Homo sapiens GN=SMU1 PE=1 SV=2	X	X
Q460N5	PARP14	Poly [ADP-ribose] polymerase 14 OS=Homo sapiens GN=PARP14 PE=1 SV=3	X	
Q53GS9	USP39	U4/U6.U5 tri-snRNP-associated protein 2 OS=Homo sapiens GN=USP39 PE=1 SV=2	X	X
Q58FF8	HSP90AB2P	Putative heat shock protein HSP 90-beta 2 OS=Homo sapiens GN=HSP90AB2P PE=1 SV=2	X	X
Q5JSZ5	PRRC2B	Protein PRRC2B OS=Homo sapiens GN=PRRC2B PE=1 SV=2	X	X
Q5K651	SAMD9	Sterile alpha motif domain-containing protein 9 OS=Homo sapiens GN=SAMD9 PE=1 SV=1	X	
Q5QJE6	DNTTIP2	Deoxynucleotidyltransferase terminal-interacting protein 2 OS=Homo sapiens GN=DNTTIP2 PE=1 SV=2	X	X
Q5SSJ5	HP1BP3	Heterochromatin protein 1-binding protein 3 OS=Homo sapiens GN=HP1BP3 PE=1 SV=1	X	X
Q5SW79	CEP170	Centrosomal protein of 170 kDa OS=Homo sapiens GN=CEP170 PE=1 SV=1	X	X
Q5SY16	NOL9	Polynucleotide 5'-hydroxyl-kinase NOL9 OS=Homo sapiens GN=NOL9 PE=1 SV=1		X
Q5T0F9	CC2D1B	Coiled-coil and C2 domain-containing protein 1B OS=Homo sapiens GN=CC2D1B PE=1 SV=1	X	X
Q5T5P2	KIAA1217	Sickle tail protein homolog OS=Homo sapiens GN=KIAA1217 PE=1 SV=2	X	X
Q5T6F2	UBAP2	Ubiquitin-associated protein 2 OS=Homo sapiens GN=UBAP2 PE=1 SV=1	X	X
Q5T8P6	RBM26	RNA-binding protein 26 OS=Homo sapiens GN=RBM26 PE=1 SV=3	X	X
Q5VT52	RPRD2	Regulation of nuclear pre-mRNA domain-containing protein 2 OS=Homo sapiens GN=RPRD2 PE=1 SV=1	X	X
Q5VYK3	ECM29	Proteasome-associated protein ECM29 homolog OS=Homo sapiens GN=ECM29 PE=1 SV=2	X	X
Q641Q2	FAM21A	WASH complex subunit FAM21A OS=Homo sapiens GN=FAM21A PE=1 SV=3	X	X
Q66K74	MAP1S	Microtubule-associated protein 1S OS=Homo sapiens GN=MAP1S PE=1 SV=2	X	X
Q68CQ4	DIEXF	Digestive organ expansion factor homolog OS=Homo sapiens GN=DIEXF PE=1 SV=2	X	X
Q68D10	SPTY2D1	Protein SPT2 homolog OS=Homo sapiens GN=SPTY2D1 PE=1 SV=3	X	X
Q6P1J9	CDC73	Parafibromin OS=Homo sapiens GN=CDC73 PE=1 SV=1	X	X
Q6PJG2	ELMSAN1	ELM2 and SANT domain-containing protein 1 OS=Homo sapiens GN=ELMSAN1 PE=1 SV=2	X	X
Q6PJT7	ZC3H14	Zinc finger CCCH domain-containing protein 14 OS=Homo sapiens GN=ZC3H14 PE=1 SV=1	X	X
Q6PKG0	LARP1	La-related protein 1 OS=Homo sapiens GN=LARP1 PE=1 SV=2	X	X
Q6UB35	MTHFD1L	Monofunctional C1-tetrahydrofolate synthase, mitochondrial OS=Homo sapiens GN=MTHFD1L PE=1 SV=1	X	X
Q6Y7W6	GIGYF2	PERQ amino acid-rich with GYF domain-containing protein 2 OS=Homo sapiens GN=GIGYF2 PE=1 SV=1	X	X
Q6ZRV2	FAM83H	Protein FAM83H OS=Homo sapiens GN=FAM83H PE=1 SV=3	X	X
Q6ZSR9	NA	Uncharacterized protein FLJ45252 OS=Homo sapiens PE=2 SV=2	X	X
Q7KZI7	MARK2	Serine/threonine-protein kinase MARK2 OS=Homo sapiens GN=MARK2 PE=1 SV=2	X	X
Q7L014	DDX46	Probable ATP-dependent RNA helicase DDX46 OS=Homo sapiens GN=DDX46 PE=1 SV=2		X
Q7Z2W4	ZC3HAV1	Zinc finger CCCH-type antiviral protein 1 OS=Homo sapiens GN=ZC3HAV1 PE=1 SV=3	X	X
Q7Z406	MYH14	Myosin-14 OS=Homo sapiens GN=MYH14 PE=1 SV=2	X	X
Q7Z478	DHX29	ATP-dependent RNA helicase DHX29 OS=Homo sapiens GN=DHX29 PE=1 SV=2	X	X
Q86U86	PBRM1	Protein polybromo-1 OS=Homo sapiens GN=PBRM1 PE=1 SV=1	X	X
Q86UU1	PHLDB1	Pleckstrin homology-like domain family B member 1 OS=Homo sapiens GN=PHLDB1 PE=1 SV=1	X	X
Q86V48	LUZP1	Leucine zipper protein 1 OS=Homo sapiens GN=LUZP1 PE=1 SV=2	X	X
Q86VI3	IQGAP3	Ras GTPase-activating-like protein IQGAP3 OS=Homo sapiens GN=IQGAP3 PE=1 SV=2	X	X
Q86XP3	DDX42	ATP-dependent RNA helicase DDX42 OS=Homo sapiens GN=DDX42 PE=1 SV=1	X	X
Q8IVF2	AHNAK2	Protein AHNAK2 OS=Homo sapiens GN=AHNAK2 PE=1 SV=2	X	X
Q8IWA0	WDR75	WD repeat-containing protein 75 OS=Homo sapiens GN=WDR75 PE=1 SV=1	X	X
Q8IX12	CCAR1	Cell division cycle and apoptosis regulator protein 1 OS=Homo sapiens GN=CCAR1 PE=1 SV=2	X	X
Q8IXS6	PALM2	Paralemmin-2 OS=Homo sapiens GN=PALM2 PE=1 SV=3	X	X
Q8IXT5	RBM12B	RNA-binding protein 12B OS=Homo sapiens GN=RBM12B PE=1 SV=2	X	X
Q8IY37	DHX37	Probable ATP-dependent RNA helicase DHX37 OS=Homo sapiens GN=DHX37 PE=1 SV=1	X	X
Q8IYB3	SRRM1	Serine/arginine repetitive matrix protein 1 OS=Homo sapiens GN=SRRM1 PE=1 SV=2	X	X
Q8IZ21	PHACTR4	Phosphatase and actin regulator 4 OS=Homo sapiens GN=PHACTR4 PE=1 SV=1	X	X
Q8N1G2	CMTR1	Cap-specific mRNA (nucleoside-2'-O-)-methyltransferase 1 OS=Homo sapiens GN=CMTR1 PE=1 SV=1	X	X
Q8N3D4	EHBP1L1	EH domain-binding protein 1-like protein 1 OS=Homo sapiens GN=EHBP1L1 PE=1 SV=2	X	X
Q8N3V7	SYNPO	Synaptopodin OS=Homo sapiens GN=SYNPO PE=1 SV=2	X	X
Q8N6H7	ARFGAP2	ADP-ribosylation factor GTPase-activating protein 2 OS=Homo sapiens GN=ARFGAP2 PE=1 SV=1	X	X
Q8N766	EMC1	ER membrane protein complex subunit 1 OS=Homo sapiens GN=EMC1 PE=1 SV=1	X	X
Q8NBQ5	HSD17B11	Estradiol 17-beta-dehydrogenase 11 OS=Homo sapiens GN=HSD17B11 PE=1 SV=3		X
Q8NDI1	EHBP1	EH domain-binding protein 1 OS=Homo sapiens GN=EHBP1 PE=1 SV=3	X	X
Q8NDT2	RBM15B	Putative RNA-binding protein 15B OS=Homo sapiens GN=RBM15B PE=1 SV=3	X	X
Q8NE71	ABCF1	ATP-binding cassette sub-family F member 1 OS=Homo sapiens GN=ABCF1 PE=1 SV=2	X	X
Q8NFD5	ARID1B	AT-rich interactive domain-containing protein 1B OS=Homo sapiens GN=ARID1B PE=1 SV=2	X	X
Q8NHV4	NEDD1	Protein NEDD1 OS=Homo sapiens GN=NEDD1 PE=1 SV=1	X	X
Q8NI36	WDR36	WD repeat-containing protein 36 OS=Homo sapiens GN=WDR36 PE=1 SV=1	X	X
Q8TCJ2	STT3B	Dolichyl-diphosphooligosaccharide--protein glycosyltransferase subunit STT3B OS=Homo sapiens GN=STT3B PE=1 SV=1	X	X
Q8TCS8	PNPT1	Polyribonucleotide nucleotidyltransferase 1, mitochondrial OS=Homo sapiens GN=PNPT1 PE=1 SV=2	X	X
Q8TCT9	HM13	Minor histocompatibility antigen H13 OS=Homo sapiens GN=HM13 PE=1 SV=1	X	
Q8TED0	UTP15	U3 small nucleolar RNA-associated protein 15 homolog OS=Homo sapiens GN=UTP15 PE=1 SV=3	X	X
Q8TEW0	PARD3	Partitioning defective 3 homolog OS=Homo sapiens GN=PARD3 PE=1 SV=2	X	X
Q8WTT2	NOC3L	Nucleolar complex protein 3 homolog OS=Homo sapiens GN=NOC3L PE=1 SV=1	X	X
Q8WWI1	LMO7	LIM domain only protein 7 OS=Homo sapiens GN=LMO7 PE=1 SV=3	X	X
Q8WWM7	ATXN2L	Ataxin-2-like protein OS=Homo sapiens GN=ATXN2L PE=1 SV=2	X	X
Q92499	DDX1	ATP-dependent RNA helicase DDX1 OS=Homo sapiens GN=DDX1 PE=1 SV=2	X	X
Q92614	MYO18A	Unconventional myosin-XVIIIa OS=Homo sapiens GN=MYO18A PE=1 SV=3	X	X
Q92616	GCN1	eIF-2-alpha kinase activator GCN1 OS=Homo sapiens GN=GCN1 PE=1 SV=6	X	X
Q92620	DHX38	Pre-mRNA-splicing factor ATP-dependent RNA helicase PRP16 OS=Homo sapiens GN=DHX38 PE=1 SV=2	X	X
Q92621	NUP205	Nuclear pore complex protein Nup205 OS=Homo sapiens GN=NUP205 PE=1 SV=3	X	X
Q92900	UPF1	Regulator of nonsense transcripts 1 OS=Homo sapiens GN=UPF1 PE=1 SV=2	X	X
Q92930	RAB8B	Ras-related protein Rab-8B OS=Homo sapiens GN=RAB8B PE=1 SV=2	X	X
Q93009	USP7	Ubiquitin carboxyl-terminal hydrolase 7 OS=Homo sapiens GN=USP7 PE=1 SV=2	X	X
Q969H8	MYDGF	Myeloid-derived growth factor OS=Homo sapiens GN=MYDGF PE=1 SV=1	X	X
Q969X6	UTP4	U3 small nucleolar RNA-associated protein 4 homolog OS=Homo sapiens GN=UTP4 PE=1 SV=1	X	X
Q96AC1	FERMT2	Fermitin family homolog 2 OS=Homo sapiens GN=FERMT2 PE=1 SV=1	X	X
Q96CW1	AP2M1	AP-2 complex subunit mu OS=Homo sapiens GN=AP2M1 PE=1 SV=2	X	X
Q96EE3	SEH1L	Nucleoporin SEH1 OS=Homo sapiens GN=SEH1L PE=1 SV=3	X	X
Q96FS4	SIPA1	Signal-induced proliferation-associated protein 1 OS=Homo sapiens GN=SIPA1 PE=1 SV=1	X	X
Q96HC4	PDLIM5	PDZ and LIM domain protein 5 OS=Homo sapiens GN=PDLIM5 PE=1 SV=5	X	X
Q96KR1	ZFR	Zinc finger RNA-binding protein OS=Homo sapiens GN=ZFR PE=1 SV=2	X	X
Q96N66	MBOAT7	Lysophospholipid acyltransferase 7 OS=Homo sapiens GN=MBOAT7 PE=1 SV=2		X
Q96PK6	RBM14	RNA-binding protein 14 OS=Homo sapiens GN=RBM14 PE=1 SV=2	X	X
Q96QC0	PPP1R10	Serine/threonine-protein phosphatase 1 regulatory subunit 10 OS=Homo sapiens GN=PPP1R10 PE=1 SV=1	X	X
Q96QD9	FYTTD1	UAP56-interacting factor OS=Homo sapiens GN=FYTTD1 PE=1 SV=3		X
Q96S97	MYADM	Myeloid-associated differentiation marker OS=Homo sapiens GN=MYADM PE=1 SV=2	X	X
Q96ST3	SIN3A	Paired amphipathic helix protein Sin3a OS=Homo sapiens GN=SIN3A PE=1 SV=2	X	X
Q96T37	RBM15	Putative RNA-binding protein 15 OS=Homo sapiens GN=RBM15 PE=1 SV=2	X	X
Q99459	CDC5L	Cell division cycle 5-like protein OS=Homo sapiens GN=CDC5L PE=1 SV=2	X	X
Q99613	EIF3C	Eukaryotic translation initiation factor 3 subunit C OS=Homo sapiens GN=EIF3C PE=1 SV=1	X	X
Q99700	ATXN2	Ataxin-2 OS=Homo sapiens GN=ATXN2 PE=1 SV=2	X	X
Q99715	COL12A1	Collagen alpha-1(XII) chain OS=Homo sapiens GN=COL12A1 PE=1 SV=2	X	X
Q99798	ACO2	Aconitate hydratase, mitochondrial OS=Homo sapiens GN=ACO2 PE=1 SV=2	X	X
Q9BQ39	DDX50	ATP-dependent RNA helicase DDX50 OS=Homo sapiens GN=DDX50 PE=1 SV=1	X	X
Q9BRD0	BUD13	BUD13 homolog OS=Homo sapiens GN=BUD13 PE=1 SV=1	X	X
Q9BSJ8	ESYT1	Extended synaptotagmin-1 OS=Homo sapiens GN=ESYT1 PE=1 SV=1	X	X
Q9BUJ2	HNRNPUL1	Heterogeneous nuclear ribonucleoprotein U-like protein 1 OS=Homo sapiens GN=HNRNPUL1 PE=1 SV=2	X	X
Q9BUN8	DERL1	Derlin-1 OS=Homo sapiens GN=DERL1 PE=1 SV=1	X	X
Q9BUQ8	DDX23	Probable ATP-dependent RNA helicase DDX23 OS=Homo sapiens GN=DDX23 PE=1 SV=3	X	X
Q9BVJ6	UTP14A	U3 small nucleolar RNA-associated protein 14 homolog A OS=Homo sapiens GN=UTP14A PE=1 SV=1	X	X
Q9BXB5	OSBPL10	Oxysterol-binding protein-related protein 10 OS=Homo sapiens GN=OSBPL10 PE=1 SV=2	X	X
Q9BXF6	RAB11FIP5	Rab11 family-interacting protein 5 OS=Homo sapiens GN=RAB11FIP5 PE=1 SV=1	X	X
Q9BY44	EIF2A	Eukaryotic translation initiation factor 2A OS=Homo sapiens GN=EIF2A PE=1 SV=3	X	X
Q9BY77	POLDIP3	Polymerase delta-interacting protein 3 OS=Homo sapiens GN=POLDIP3 PE=1 SV=2		X
Q9BYJ9	YTHDF1	YTH domain-containing family protein 1 OS=Homo sapiens GN=YTHDF1 PE=1 SV=1	X	X
Q9BZF1	OSBPL8	Oxysterol-binding protein-related protein 8 OS=Homo sapiens GN=OSBPL8 PE=1 SV=3	X	X
Q9C0B5	ZDHHC5	Palmitoyltransferase ZDHHC5 OS=Homo sapiens GN=ZDHHC5 PE=1 SV=2	X	X
Q9C0C2	TNKS1BP1	182 kDa tankyrase-1-binding protein OS=Homo sapiens GN=TNKS1BP1 PE=1 SV=4	X	X
Q9C0J8	WDR33	pre-mRNA 3' end processing protein WDR33 OS=Homo sapiens GN=WDR33 PE=1 SV=2	X	X
Q9GZR7	DDX24	ATP-dependent RNA helicase DDX24 OS=Homo sapiens GN=DDX24 PE=1 SV=1	X	X
Q9H0A0	NAT10	RNA cytidine acetyltransferase OS=Homo sapiens GN=NAT10 PE=1 SV=2	X	X
Q9H0D6	XRN2	5'-3' exoribonuclease 2 OS=Homo sapiens GN=XRN2 PE=1 SV=1	X	X
Q9H0U4	RAB1B	Ras-related protein Rab-1B OS=Homo sapiens GN=RAB1B PE=1 SV=1	X	X
Q9H2P0	ADNP	Activity-dependent neuroprotector homeobox protein OS=Homo sapiens GN=ADNP PE=1 SV=1	X	X
Q9H2U1	DHX36	ATP-dependent RNA helicase DHX36 OS=Homo sapiens GN=DHX36 PE=1 SV=2	X	X
Q9H583	HEATR1	HEAT repeat-containing protein 1 OS=Homo sapiens GN=HEATR1 PE=1 SV=3	X	X
Q9H6R4	NOL6	Nucleolar protein 6 OS=Homo sapiens GN=NOL6 PE=1 SV=2	X	X
Q9H8H2	DDX31	Probable ATP-dependent RNA helicase DDX31 OS=Homo sapiens GN=DDX31 PE=1 SV=2	X	X
Q9HCD5	NCOA5	Nuclear receptor coactivator 5 OS=Homo sapiens GN=NCOA5 PE=1 SV=2	X	X
Q9HCE1	MOV10	Putative helicase MOV-10 OS=Homo sapiens GN=MOV10 PE=1 SV=2	X	X
Q9NP61	ARFGAP3	ADP-ribosylation factor GTPase-activating protein 3 OS=Homo sapiens GN=ARFGAP3 PE=1 SV=1	X	X
Q9NQ55	PPAN	Suppressor of SWI4 1 homolog OS=Homo sapiens GN=PPAN PE=2 SV=1	X	X
Q9NQW6	ANLN	Anillin OS=Homo sapiens GN=ANLN PE=1 SV=2	X	X
Q9NTI5	PDS5B	Sister chromatid cohesion protein PDS5 homolog B OS=Homo sapiens GN=PDS5B PE=1 SV=1	X	X
Q9NTZ6	RBM12	RNA-binding protein 12 OS=Homo sapiens GN=RBM12 PE=1 SV=1	X	X
Q9NUL3	STAU2	Double-stranded RNA-binding protein Staufen homolog 2 OS=Homo sapiens GN=STAU2 PE=1 SV=1	X	X
Q9NV06	DCAF13	DDB1- and CUL4-associated factor 13 OS=Homo sapiens GN=DCAF13 PE=1 SV=2	X	X
Q9NVI1	FANCI	Fanconi anemia group I protein OS=Homo sapiens GN=FANCI PE=1 SV=4		X
Q9NW13	RBM28	RNA-binding protein 28 OS=Homo sapiens GN=RBM28 PE=1 SV=3	X	X
Q9NWH9	SLTM	SAFB-like transcription modulator OS=Homo sapiens GN=SLTM PE=1 SV=2	X	X
Q9NYF8	BCLAF1	Bcl-2-associated transcription factor 1 OS=Homo sapiens GN=BCLAF1 PE=1 SV=2	X	X
Q9NYV4	CDK12	Cyclin-dependent kinase 12 OS=Homo sapiens GN=CDK12 PE=1 SV=2	X	X
Q9NZB2	FAM120A	Constitutive coactivator of PPAR-gamma-like protein 1 OS=Homo sapiens GN=FAM120A PE=1 SV=2	X	X
Q9P035	HACD3	Very-long-chain (3R)-3-hydroxyacyl-CoA dehydratase 3 OS=Homo sapiens GN=HACD3 PE=1 SV=2	X	X
Q9P2E9	RRBP1	Ribosome-binding protein 1 OS=Homo sapiens GN=RRBP1 PE=1 SV=4	X	X
Q9P2N5	RBM27	RNA-binding protein 27 OS=Homo sapiens GN=RBM27 PE=1 SV=2	X	X
Q9UBT2	UBA2	SUMO-activating enzyme subunit 2 OS=Homo sapiens GN=UBA2 PE=1 SV=2	X	X
Q9UDY2	TJP2	Tight junction protein ZO-2 OS=Homo sapiens GN=TJP2 PE=1 SV=2	X	X
Q9UEY8	ADD3	Gamma-adducin OS=Homo sapiens GN=ADD3 PE=1 SV=1	X	X
Q9UHB6	LIMA1	LIM domain and actin-binding protein 1 OS=Homo sapiens GN=LIMA1 PE=1 SV=1	X	X
Q9UHD1	CHORDC1	Cysteine and histidine-rich domain-containing protein 1 OS=Homo sapiens GN=CHORDC1 PE=1 SV=2	X	X
Q9UHD8	SEPT9	Septin-9 OS=Homo sapiens GN=SEPT9 PE=1 SV=2	X	X
Q9UIG0	BAZ1B	Tyrosine-protein kinase BAZ1B OS=Homo sapiens GN=BAZ1B PE=1 SV=2	X	X
Q9UJW0	DCTN4	Dynactin subunit 4 OS=Homo sapiens GN=DCTN4 PE=1 SV=1		X
Q9UKX7	NUP50	Nuclear pore complex protein Nup50 OS=Homo sapiens GN=NUP50 PE=1 SV=2	X	X
Q9ULA0	DNPEP	Aspartyl aminopeptidase OS=Homo sapiens GN=DNPEP PE=1 SV=1	X	X
Q9ULH1	ASAP1	Arf-GAP with SH3 domain, ANK repeat and PH domain-containing protein 1 OS=Homo sapiens GN=ASAP1 PE=1 SV=4	X	X
Q9ULV4	CORO1C	Coronin-1C OS=Homo sapiens GN=CORO1C PE=1 SV=1	X	X
Q9ULW0	TPX2	Targeting protein for Xklp2 OS=Homo sapiens GN=TPX2 PE=1 SV=2	X	X
Q9UM54	MYO6	Unconventional myosin-VI OS=Homo sapiens GN=MYO6 PE=1 SV=4	X	X
Q9UMS4	PRPF19	Pre-mRNA-processing factor 19 OS=Homo sapiens GN=PRPF19 PE=1 SV=1	X	X
Q9UNX4	WDR3	WD repeat-containing protein 3 OS=Homo sapiens GN=WDR3 PE=1 SV=1	X	X
Q9UPQ9	TNRC6B	Trinucleotide repeat-containing gene 6B protein OS=Homo sapiens GN=TNRC6B PE=1 SV=4	X	X
Q9UPT8	ZC3H4	Zinc finger CCCH domain-containing protein 4 OS=Homo sapiens GN=ZC3H4 PE=1 SV=3		X
Q9Y263	PLAA	Phospholipase A-2-activating protein OS=Homo sapiens GN=PLAA PE=1 SV=2	X	X
Q9Y2D5	AKAP2	A-kinase anchor protein 2 OS=Homo sapiens GN=AKAP2 PE=1 SV=3	X	X
Q9Y2J2	EPB41L3	Band 4.1-like protein 3 OS=Homo sapiens GN=EPB41L3 PE=1 SV=2	X	X
Q9Y2L1	DIS3	Exosome complex exonuclease RRP44 OS=Homo sapiens GN=DIS3 PE=1 SV=2	X	X
Q9Y2R4	DDX52	Probable ATP-dependent RNA helicase DDX52 OS=Homo sapiens GN=DDX52 PE=1 SV=3	X	X
Q9Y2T2	AP3M1	AP-3 complex subunit mu-1 OS=Homo sapiens GN=AP3M1 PE=1 SV=1	X	X
Q9Y2W1	THRAP3	Thyroid hormone receptor-associated protein 3 OS=Homo sapiens GN=THRAP3 PE=1 SV=2	X	X
Q9Y305	ACOT9	Acyl-coenzyme A thioesterase 9, mitochondrial OS=Homo sapiens GN=ACOT9 PE=1 SV=2	X	X
Q9Y450	HBS1L	HBS1-like protein OS=Homo sapiens GN=HBS1L PE=1 SV=1	X	X
Q9Y490	TLN1	Talin-1 OS=Homo sapiens GN=TLN1 PE=1 SV=3	X	X
Q9Y496	KIF3A	Kinesin-like protein KIF3A OS=Homo sapiens GN=KIF3A PE=1 SV=4	X	X
Q9Y4E1	FAM21C	WASH complex subunit FAM21C OS=Homo sapiens GN=FAM21C PE=1 SV=3	X	X
Q9Y512	SAMM50	Sorting and assembly machinery component 50 homolog OS=Homo sapiens GN=SAMM50 PE=1 SV=3	X	X
Q9Y520	PRRC2C	Protein PRRC2C OS=Homo sapiens GN=PRRC2C PE=1 SV=4	X	X
Q9Y5A9	YTHDF2	YTH domain-containing family protein 2 OS=Homo sapiens GN=YTHDF2 PE=1 SV=2	X	X
Q9Y5J1	UTP18	U3 small nucleolar RNA-associated protein 18 homolog OS=Homo sapiens GN=UTP18 PE=1 SV=3	X	X
Q9Y613	FHOD1	FH1/FH2 domain-containing protein 1 OS=Homo sapiens GN=FHOD1 PE=1 SV=3	X	X
Q9Y618	NCOR2	Nuclear receptor corepressor 2 OS=Homo sapiens GN=NCOR2 PE=1 SV=2	X	X
Q9Y678	COPG1	Coatomer subunit gamma-1 OS=Homo sapiens GN=COPG1 PE=1 SV=1	X	X
Q9Y6K5	OAS3	2'-5'-oligoadenylate synthase 3 OS=Homo sapiens GN=OAS3 PE=1 SV=3	X	
